lane_id,origin,destination,distance_km,std_transit_days
L395,Agra,Ahmedabad,932,3
L535,Agra,Amritsar,746,2
L495,Agra,Bangalore,2068,3
L637,Agra,Bhopal,569,2
L275,Agra,Bhubaneswar,1434,3
L640,Agra,Chandigarh,528,2
L489,Agra,Chennai,2062,3
L565,Agra,Coimbatore,2346,3
L522,Agra,Dehradun,448,2
L448,Agra,Delhi,227,1
L087,Agra,Guwahati,1774,3
L029,Agra,Hyderabad,1418,3
L454,Agra,Indore,706,2
L373,Agra,Jabalpur,629,2
L447,Agra,Jaipur,287,1
L230,Agra,Kanpur,313,2
L490,Agra,Kochi,2497,3
L062,Agra,Kolkata,1516,3
L227,Agra,Lucknow,378,2
L078,Agra,Madurai,2501,3
L263,Agra,Mangalore,2109,3
L148,Agra,Mumbai,1352,3
L572,Agra,Nagpur,894,3
L481,Agra,Nashik,1180,3
L245,Agra,Noida,203,1
L653,Agra,Patna,948,3
L147,Agra,Pune,1371,3
L331,Agra,Raipur,976,3
L383,Agra,Rajkot,1181,3
L595,Agra,Ranchi,1101,3
L470,Agra,Surat,1105,3
L362,Agra,Thiruvananthapuram,2707,3
L209,Agra,Vadodara,948,3
L167,Agra,Varanasi,704,2
L051,Agra,Vijayawada,1585,3
L156,Agra,Visakhapatnam,1544,3
L395,Ahmedabad,Agra,932,3
L146,Ahmedabad,Amritsar,1278,3
L287,Ahmedabad,Bangalore,1613,3
L179,Ahmedabad,Bhopal,639,2
L168,Ahmedabad,Bhubaneswar,1815,3
L484,Ahmedabad,Chandigarh,1238,3
L315,Ahmedabad,Chennai,1779,3
L537,Ahmedabad,Coimbatore,1838,3
L491,Ahmedabad,Dehradun,1265,3
L037,Ahmedabad,Delhi,1007,3
L485,Ahmedabad,Guwahati,2550,3
L501,Ahmedabad,Hyderabad,1138,3
L665,Ahmedabad,Indore,442,2
L231,Ahmedabad,Jabalpur,971,3
L667,Ahmedabad,Jaipur,703,2
L290,Ahmedabad,Kanpur,1130,3
L039,Ahmedabad,Kochi,1948,3
L627,Ahmedabad,Kolkata,2105,3
L151,Ahmedabad,Lucknow,1219,3
L442,Ahmedabad,Madurai,2041,3
L636,Ahmedabad,Mangalore,1494,3
L063,Ahmedabad,Mumbai,565,2
L559,Ahmedabad,Nagpur,913,3
L633,Ahmedabad,Nashik,463,2
L288,Ahmedabad,Noida,1011,3
L334,Ahmedabad,Patna,1688,3
L573,Ahmedabad,Pune,674,2
L143,Ahmedabad,Raipur,1230,3
L554,Ahmedabad,Rajkot,261,1
L378,Ahmedabad,Ranchi,1688,3
L140,Ahmedabad,Surat,262,1
L390,Ahmedabad,Thiruvananthapuram,2183,3
L668,Ahmedabad,Vadodara,129,1
L469,Ahmedabad,Varanasi,1411,3
L408,Ahmedabad,Vijayawada,1437,3
L160,Ahmedabad,Visakhapatnam,1639,3
L535,Amritsar,Agra,746,2
L146,Amritsar,Ahmedabad,1278,3
L008,Amritsar,Bangalore,2727,3
L530,Amritsar,Bhopal,1242,3
L506,Amritsar,Bhubaneswar,2159,3
L021,Amritsar,Chandigarh,269,1
L518,Amritsar,Chennai,2769,3
L113,Amritsar,Coimbatore,2991,3
L617,Amritsar,Dehradun,428,2
L433,Amritsar,Delhi,520,2
L456,Amritsar,Guwahati,2262,3
L463,Amritsar,Hyderabad,2106,3
L207,Amritsar,Indore,1293,3
L661,Amritsar,Jabalpur,1373,3
L118,Amritsar,Jaipur,689,2
L549,Amritsar,Kanpur,1004,3
L438,Amritsar,Kochi,3128,3
L583,Amritsar,Kolkata,2167,3
L507,Amritsar,Lucknow,1027,3
L669,Amritsar,Madurai,3166,3
L618,Amritsar,Mangalore,2703,3
L398,Amritsar,Mumbai,1826,3
L169,Amritsar,Nagpur,1612,3
L510,Amritsar,Nashik,1683,3
L504,Amritsar,Noida,546,2
L647,Amritsar,Patna,1557,3
L439,Amritsar,Pune,1898,3
L345,Amritsar,Raipur,1722,3
L264,Amritsar,Rajkot,1444,3
L630,Amritsar,Ranchi,1782,3
L204,Amritsar,Surat,1528,3
L094,Amritsar,Thiruvananthapuram,3351,3
L425,Amritsar,Vadodara,1362,3
L126,Amritsar,Varanasi,1374,3
L505,Amritsar,Vijayawada,2308,3
L082,Amritsar,Visakhapatnam,2290,3
L495,Bangalore,Agra,2068,3
L287,Bangalore,Ahmedabad,1613,3
L008,Bangalore,Amritsar,2727,3
L070,Bangalore,Bhopal,1504,3
L534,Bangalore,Bhubaneswar,1560,3
L283,Bangalore,Chandigarh,2575,3
L479,Bangalore,Chennai,381,2
L536,Bangalore,Coimbatore,287,1
L333,Bangalore,Dehradun,2516,3
L620,Bangalore,Delhi,2270,3
L377,Bangalore,Guwahati,2713,3
L344,Bangalore,Hyderabad,662,2
L223,Bangalore,Indore,1436,3
L379,Bangalore,Jabalpur,1522,3
L670,Bangalore,Jaipur,2038,3
L208,Bangalore,Kanpur,2000,3
L375,Bangalore,Kochi,458,2
L243,Bangalore,Kolkata,2042,3
L339,Bangalore,Lucknow,2058,3
L279,Bangalore,Madurai,439,2
L648,Bangalore,Mangalore,380,2
L293,Bangalore,Mumbai,1109,3
L198,Bangalore,Nagpur,1203,3
L196,Bangalore,Nashik,1153,3
L133,Bangalore,Noida,2255,3
L164,Bangalore,Patna,2100,3
L294,Bangalore,Pune,959,3
L015,Bangalore,Raipur,1334,3
L443,Bangalore,Rajkot,1650,3
L141,Bangalore,Ranchi,1849,3
L302,Bangalore,Surat,1371,3
L284,Bangalore,Thiruvananthapuram,642,2
L628,Bangalore,Vadodara,1488,3
L671,Bangalore,Varanasi,1938,3
L644,Bangalore,Vijayawada,668,2
L600,Bangalore,Visakhapatnam,1055,3
L637,Bhopal,Agra,569,2
L179,Bhopal,Ahmedabad,639,2
L530,Bhopal,Amritsar,1242,3
L070,Bhopal,Bangalore,1504,3
L090,Bhopal,Bhubaneswar,1208,3
L589,Bhopal,Chandigarh,1072,3
L105,Bhopal,Chennai,1527,3
L136,Bhopal,Coimbatore,1779,3
L291,Bhopal,Dehradun,1015,3
L352,Bhopal,Delhi,767,2
L085,Bhopal,Guwahati,1922,3
L019,Bhopal,Hyderabad,866,3
L060,Bhopal,Indore,218,1
L354,Bhopal,Jabalpur,332,2
L590,Bhopal,Jaipur,561,2
L672,Bhopal,Kanpur,599,2
L203,Bhopal,Kochi,1929,3
L464,Bhopal,Kolkata,1467,3
L662,Bhopal,Lucknow,683,2
L555,Bhopal,Madurai,1939,3
L056,Bhopal,Mangalore,1542,3
L381,Bhopal,Mumbai,858,3
L418,Bhopal,Nagpur,391,2
L446,Bhopal,Nashik,679,2
L508,Bhopal,Noida,752,2
L568,Bhopal,Patna,1066,3
L044,Bhopal,Pune,839,3
L197,Bhopal,Raipur,632,2
L387,Bhopal,Rajkot,891,3
L161,Bhopal,Ranchi,1048,3
L594,Bhopal,Surat,686,2
L458,Bhopal,Thiruvananthapuram,2140,3
L211,Bhopal,Vadodara,578,2
L393,Bhopal,Varanasi,792,2
L411,Bhopal,Vijayawada,1075,3
L426,Bhopal,Visakhapatnam,1137,3
L275,Bhubaneswar,Agra,1434,3
L168,Bhubaneswar,Ahmedabad,1815,3
L506,Bhubaneswar,Amritsar,2159,3
L534,Bhubaneswar,Bangalore,1560,3
L090,Bhubaneswar,Bhopal,1208,3
L399,Bhubaneswar,Chandigarh,1906,3
L528,Bhubaneswar,Chennai,1289,3
L003,Bhubaneswar,Coimbatore,1818,3
L092,Bhubaneswar,Dehradun,1767,3
L307,Bhubaneswar,Delhi,1648,3
L219,Bhubaneswar,Guwahati,1158,3
L282,Bhubaneswar,Hyderabad,1083,3
L356,Bhubaneswar,Indore,1376,3
L176,Bhubaneswar,Jabalpur,896,3
L472,Bhubaneswar,Jaipur,1631,3
L054,Bhubaneswar,Kanpur,1155,3
L116,Bhubaneswar,Kochi,1992,3
L655,Bhubaneswar,Kolkata,483,2
L252,Bhubaneswar,Lucknow,1142,3
L277,Bhubaneswar,Madurai,1847,3
L445,Bhubaneswar,Mangalore,1849,3
L276,Bhubaneswar,Mumbai,1764,3
L416,Bhubaneswar,Nagpur,913,3
L477,Bhubaneswar,Nashik,1629,3
L171,Bhubaneswar,Noida,1620,3
L388,Bhubaneswar,Patna,772,2
L338,Bhubaneswar,Pune,1643,3
L268,Bhubaneswar,Raipur,586,2
L526,Bhubaneswar,Rajkot,2040,3
L478,Bhubaneswar,Ranchi,453,2
L138,Bhubaneswar,Surat,1762,3
L272,Bhubaneswar,Thiruvananthapuram,2103,3
L079,Bhubaneswar,Vadodara,1721,3
L280,Bhubaneswar,Varanasi,813,3
L607,Bhubaneswar,Vijayawada,900,3
L225,Bhubaneswar,Visakhapatnam,508,2
L640,Chandigarh,Agra,528,2
L484,Chandigarh,Ahmedabad,1238,3
L021,Chandigarh,Amritsar,269,1
L283,Chandigarh,Bangalore,2575,3
L589,Chandigarh,Bhopal,1072,3
L399,Chandigarh,Bhubaneswar,1906,3
L497,Chandigarh,Chennai,2587,3
L091,Chandigarh,Coimbatore,2848,3
L327,Chandigarh,Dehradun,160,1
L324,Chandigarh,Delhi,308,2
L190,Chandigarh,Guwahati,2000,3
L417,Chandigarh,Hyderabad,1936,3
L026,Chandigarh,Indore,1162,3
L186,Chandigarh,Jabalpur,1155,3
L437,Chandigarh,Jaipur,564,2
L634,Chandigarh,Kanpur,752,2
L480,Chandigarh,Kochi,2993,3
L205,Chandigarh,Kolkata,1900,3
L256,Chandigarh,Lucknow,767,2
L557,Chandigarh,Madurai,3012,3
L336,Chandigarh,Mangalore,2586,3
L009,Chandigarh,Mumbai,1753,3
L117,Chandigarh,Nagpur,1419,3
L673,Chandigarh,Nashik,1595,3
L300,Chandigarh,Noida,327,2
L406,Chandigarh,Patna,1289,3
L539,Chandigarh,Pune,1804,3
L312,Chandigarh,Raipur,1495,3
L435,Chandigarh,Rajkot,1440,3
L467,Chandigarh,Ranchi,1519,3
L612,Chandigarh,Surat,1468,3
L413,Chandigarh,Thiruvananthapuram,3209,3
L314,Chandigarh,Vadodara,1300,3
L024,Chandigarh,Varanasi,1111,3
L128,Chandigarh,Vijayawada,2113,3
L017,Chandigarh,Visakhapatnam,2064,3
L489,Chennai,Agra,2062,3
L315,Chennai,Ahmedabad,1779,3
L518,Chennai,Amritsar,2769,3
L479,Chennai,Bangalore,381,2
L105,Chennai,Bhopal,1527,3
L528,Chennai,Bhubaneswar,1289,3
L497,Chennai,Chandigarh,2587,3
L487,Chennai,Coimbatore,557,2
L012,Chennai,Dehradun,2505,3
L548,Chennai,Delhi,2279,3
L651,Chennai,Guwahati,2445,3
L103,Chennai,Hyderabad,670,2
L247,Chennai,Indore,1514,3
L615,Chennai,Jabalpur,1461,3
L550,Chennai,Jaipur,2086,3
L664,Chennai,Kanpur,1937,3
L386,Chennai,Kochi,722,2
L455,Chennai,Kolkata,1768,3
L625,Chennai,Lucknow,1982,3
L451,Chennai,Madurai,558,2
L674,Chennai,Mangalore,761,2
L067,Chennai,Mumbai,1344,3
L297,Chennai,Nagpur,1168,3
L675,Chennai,Nashik,1343,3
L415,Chennai,Noida,2260,3
L061,Chennai,Patna,1921,3
L132,Chennai,Pune,1184,3
L335,Chennai,Raipur,1199,3
L414,Chennai,Rajkot,1864,3
L326,Chennai,Ranchi,1639,3
L016,Chennai,Surat,1563,3
L449,Chennai,Thiruvananthapuram,813,3
L267,Chennai,Vadodara,1650,3
L558,Chennai,Varanasi,1801,3
L546,Chennai,Vijayawada,493,2
L040,Chennai,Visakhapatnam,785,2
L565,Coimbatore,Agra,2346,3
L537,Coimbatore,Ahmedabad,1838,3
L113,Coimbatore,Amritsar,2991,3
L536,Coimbatore,Bangalore,287,1
L136,Coimbatore,Bhopal,1779,3
L003,Coimbatore,Bhubaneswar,1818,3
L091,Coimbatore,Chandigarh,2848,3
L487,Coimbatore,Chennai,557,2
L659,Coimbatore,Dehradun,2793,3
L244,Coimbatore,Delhi,2544,3
L396,Coimbatore,Guwahati,2975,3
L340,Coimbatore,Hyderabad,949,3
L153,Coimbatore,Indore,1698,3
L298,Coimbatore,Jabalpur,1808,3
L547,Coimbatore,Jaipur,2304,3
L202,Coimbatore,Kanpur,2285,3
L513,Coimbatore,Kochi,175,1
L258,Coimbatore,Kolkata,2300,3
L543,Coimbatore,Lucknow,2345,3
L666,Coimbatore,Madurai,223,1
L404,Coimbatore,Mangalore,405,2
L574,Coimbatore,Mumbai,1303,3
L587,Coimbatore,Nagpur,1489,3
L053,Coimbatore,Nashik,1375,3
L570,Coimbatore,Noida,2530,3
L104,Coimbatore,Patna,2383,3
L270,Coimbatore,Pune,1167,3
L410,Coimbatore,Raipur,1620,3
L364,Coimbatore,Rajkot,1845,3
L529,Coimbatore,Ranchi,2126,3
L492,Coimbatore,Surat,1585,3
L585,Coimbatore,Thiruvananthapuram,361,2
L343,Coimbatore,Vadodara,1716,3
L080,Coimbatore,Varanasi,2224,3
L552,Coimbatore,Vijayawada,942,3
L194,Coimbatore,Visakhapatnam,1310,3
L522,Dehradun,Agra,448,2
L491,Dehradun,Ahmedabad,1265,3
L617,Dehradun,Amritsar,428,2
L333,Dehradun,Bangalore,2516,3
L291,Dehradun,Bhopal,1015,3
L092,Dehradun,Bhubaneswar,1767,3
L327,Dehradun,Chandigarh,160,1
L012,Dehradun,Chennai,2505,3
L659,Dehradun,Coimbatore,2793,3
L266,Dehradun,Delhi,266,1
L466,Dehradun,Guwahati,1841,3
L218,Dehradun,Hyderabad,1866,3
L083,Dehradun,Indore,1132,3
L124,Dehradun,Jabalpur,1055,3
L001,Dehradun,Jaipur,565,2
L250,Dehradun,Kanpur,622,2
L488,Dehradun,Kochi,2943,3
L564,Dehradun,Kolkata,1745,3
L045,Dehradun,Lucknow,626,2
L020,Dehradun,Madurai,2949,3
L461,Dehradun,Mangalore,2549,3
L581,Dehradun,Mumbai,1751,3
L405,Dehradun,Nagpur,1338,3
L265,Dehradun,Nashik,1587,3
L174,Dehradun,Noida,271,1
L110,Dehradun,Patna,1132,3
L361,Dehradun,Pune,1789,3
L271,Dehradun,Raipur,1382,3
L261,Dehradun,Rajkot,1485,3
L322,Dehradun,Ranchi,1371,3
L236,Dehradun,Surat,1479,3
L503,Dehradun,Thiruvananthapuram,3154,3
L457,Dehradun,Vadodara,1313,3
L308,Dehradun,Varanasi,965,3
L014,Dehradun,Vijayawada,2024,3
L646,Dehradun,Visakhapatnam,1950,3
L448,Delhi,Agra,227,1
L037,Delhi,Ahmedabad,1007,3
L433,Delhi,Amritsar,520,2
L620,Delhi,Bangalore,2270,3
L352,Delhi,Bhopal,767,2
L307,Delhi,Bhubaneswar,1648,3
L324,Delhi,Chandigarh,308,2
L548,Delhi,Chennai,2279,3
L244,Delhi,Coimbatore,2544,3
L266,Delhi,Dehradun,266,1
L316,Delhi,Guwahati,1892,3
L629,Delhi,Hyderabad,1628,3
L038,Delhi,Indore,870,3
L034,Delhi,Jabalpur,856,3
L658,Delhi,Jaipur,304,2
L420,Delhi,Kanpur,500,2
L586,Delhi,Kochi,2691,3
L158,Delhi,Kolkata,1697,3
L613,Delhi,Lucknow,540,2
L577,Delhi,Madurai,2706,3
L601,Delhi,Mangalore,2290,3
L402,Delhi,Mumbai,1486,3
L551,Delhi,Nagpur,1112,3
L081,Delhi,Nashik,1321,3
L273,Delhi,Noida,29,1
L032,Delhi,Patna,1105,3
L274,Delhi,Pune,1524,3
L397,Delhi,Raipur,1202,3
L434,Delhi,Rajkot,1235,3
L248,Delhi,Ranchi,1293,3
L544,Delhi,Surat,1215,3
L580,Delhi,Thiruvananthapuram,2906,3
L556,Delhi,Vadodara,1050,3
L370,Delhi,Varanasi,886,3
L200,Delhi,Vijayawada,1807,3
L676,Delhi,Visakhapatnam,1771,3
L087,Guwahati,Agra,1774,3
L485,Guwahati,Ahmedabad,2550,3
L456,Guwahati,Amritsar,2262,3
L377,Guwahati,Bangalore,2713,3
L085,Guwahati,Bhopal,1922,3
L219,Guwahati,Bhubaneswar,1158,3
L190,Guwahati,Chandigarh,2000,3
L651,Guwahati,Chennai,2445,3
L396,Guwahati,Coimbatore,2975,3
L466,Guwahati,Dehradun,1841,3
L316,Guwahati,Delhi,1892,3
L496,Guwahati,Hyderabad,2178,3
L159,Guwahati,Indore,2138,3
L428,Guwahati,Jabalpur,1608,3
L185,Guwahati,Jaipur,2057,3
L582,Guwahati,Kanpur,1477,3
L022,Guwahati,Kochi,3149,3
L372,Guwahati,Kolkata,678,2
L289,Guwahati,Lucknow,1399,3
L077,Guwahati,Madurai,3002,3
L465,Guwahati,Mangalore,2983,3
L145,Guwahati,Mumbai,2706,3
L249,Guwahati,Nagpur,1823,3
L527,Guwahati,Nashik,2540,3
L095,Guwahati,Noida,1865,3
L360,Guwahati,Patna,862,3
L650,Guwahati,Pune,2623,3
L419,Guwahati,Raipur,1512,3
L626,Guwahati,Rajkot,2808,3
L036,Guwahati,Ranchi,932,3
L075,Guwahati,Surat,2601,3
L107,Guwahati,Thiruvananthapuram,3258,3
L606,Guwahati,Vadodara,2500,3
L069,Guwahati,Varanasi,1140,3
L483,Guwahati,Vijayawada,2047,3
L521,Guwahati,Visakhapatnam,1666,3
L029,Hyderabad,Agra,1418,3
L501,Hyderabad,Ahmedabad,1138,3
L463,Hyderabad,Amritsar,2106,3
L344,Hyderabad,Bangalore,662,2
L019,Hyderabad,Bhopal,866,3
L282,Hyderabad,Bhubaneswar,1083,3
L417,Hyderabad,Chandigarh,1936,3
L103,Hyderabad,Chennai,670,2
L340,Hyderabad,Coimbatore,949,3
L218,Hyderabad,Dehradun,1866,3
L629,Hyderabad,Delhi,1628,3
L496,Hyderabad,Guwahati,2178,3
L540,Hyderabad,Indore,843,3
L006,Hyderabad,Jabalpur,860,3
L325,Hyderabad,Jaipur,1420,3
L155,Hyderabad,Kanpur,1337,3
L193,Hyderabad,Kochi,1113,3
L632,Hyderabad,Kolkata,1540,3
L165,Hyderabad,Lucknow,1396,3
L376,Hyderabad,Madurai,1086,3
L517,Hyderabad,Mangalore,822,3
L096,Hyderabad,Mumbai,807,3
L023,Hyderabad,Nagpur,541,2
L257,Hyderabad,Nashik,745,2
L363,Hyderabad,Noida,1611,3
L042,Hyderabad,Patna,1480,3
L392,Hyderabad,Pune,652,2
L187,Hyderabad,Raipur,705,2
L068,Hyderabad,Rajkot,1264,3
L566,Hyderabad,Ranchi,1265,3
L638,Hyderabad,Surat,952,3
L677,Hyderabad,Thiruvananthapuram,1304,3
L046,Hyderabad,Vadodara,1010,3
L301,Hyderabad,Varanasi,1292,3
L319,Hyderabad,Vijayawada,318,2
L150,Hyderabad,Visakhapatnam,663,2
L454,Indore,Agra,706,2
L665,Indore,Ahmedabad,442,2
L207,Indore,Amritsar,1293,3
L223,Indore,Bangalore,1436,3
L060,Indore,Bhopal,218,1
L356,Indore,Bhubaneswar,1376,3
L026,Indore,Chandigarh,1162,3
L247,Indore,Chennai,1514,3
L153,Indore,Coimbatore,1698,3
L083,Indore,Dehradun,1132,3
L038,Indore,Delhi,870,3
L159,Indore,Guwahati,2138,3
L540,Indore,Hyderabad,843,3
L127,Indore,Jabalpur,537,2
L064,Indore,Jaipur,607,2
L120,Indore,Kanpur,797,2
L217,Indore,Kochi,1837,3
L251,Indore,Kolkata,1667,3
L452,Indore,Lucknow,884,3
L602,Indore,Madurai,1875,3
L286,Indore,Mangalore,1423,3
L057,Indore,Mumbai,659,2
L592,Indore,Nagpur,488,2
L482,Indore,Nashik,482,2
L035,Indore,Noida,861,3
L576,Indore,Patna,1283,3
L678,Indore,Pune,665,2
L394,Indore,Raipur,790,2
L500,Indore,Rajkot,684,2
L403,Indore,Ranchi,1254,3
L111,Indore,Surat,469,2
L262,Indore,Thiruvananthapuram,2058,3
L229,Indore,Vadodara,365,2
L459,Indore,Varanasi,1010,3
L180,Indore,Vijayawada,1101,3
L285,Indore,Visakhapatnam,1237,3
L373,Jabalpur,Agra,629,2
L231,Jabalpur,Ahmedabad,971,3
L661,Jabalpur,Amritsar,1373,3
L379,Jabalpur,Bangalore,1522,3
L354,Jabalpur,Bhopal,332,2
L176,Jabalpur,Bhubaneswar,896,3
L186,Jabalpur,Chandigarh,1155,3
L615,Jabalpur,Chennai,1461,3
L298,Jabalpur,Coimbatore,1808,3
L124,Jabalpur,Dehradun,1055,3
L034,Jabalpur,Delhi,856,3
L428,Jabalpur,Guwahati,1608,3
L006,Jabalpur,Hyderabad,860,3
L127,Jabalpur,Indore,537,2
L313,Jabalpur,Jaipur,758,2
L380,Jabalpur,Kanpur,480,2
L066,Jabalpur,Kochi,1972,3
L154,Jabalpur,Kolkata,1135,3
L086,Jabalpur,Lucknow,537,2
L431,Jabalpur,Madurai,1939,3
L533,Jabalpur,Mangalore,1639,3
L184,Jabalpur,Mumbai,1114,3
L181,Jabalpur,Nagpur,322,2
L215,Jabalpur,Nashik,941,3
L305,Jabalpur,Noida,832,3
L309,Jabalpur,Patna,767,2
L430,Jabalpur,Pune,1057,3
L654,Jabalpur,Raipur,357,2
L645,Jabalpur,Rajkot,1220,3
L337,Jabalpur,Ranchi,717,2
L382,Jabalpur,Surat,993,3
L106,Jabalpur,Thiruvananthapuram,2163,3
L059,Jabalpur,Vadodara,902,3
L579,Jabalpur,Varanasi,509,2
L619,Jabalpur,Vijayawada,973,3
L304,Jabalpur,Visakhapatnam,919,3
L447,Jaipur,Agra,287,1
L311,Jaipur,Ahmedabad,703,2
L118,Jaipur,Amritsar,689,2
L541,Jaipur,Bangalore,2038,3
L590,Jaipur,Bhopal,561,2
L472,Jaipur,Bhubaneswar,1631,3
L437,Jaipur,Chandigarh,564,2
L550,Jaipur,Chennai,2086,3
L547,Jaipur,Coimbatore,2304,3
L001,Jaipur,Dehradun,565,2
L658,Jaipur,Delhi,304,2
L185,Jaipur,Guwahati,2057,3
L325,Jaipur,Hyderabad,1420,3
L064,Jaipur,Indore,607,2
L313,Jaipur,Jabalpur,758,2
L611,Jaipur,Kanpur,584,2
L509,Jaipur,Kochi,2444,3
L299,Jaipur,Kolkata,1766,3
L474,Jaipur,Lucknow,658,2
L065,Jaipur,Madurai,2477,3
L130,Jaipur,Mangalore,2027,3
L514,Jaipur,Mumbai,1192,3
L206,Jaipur,Nagpur,945,3
L616,Jaipur,Nashik,1032,3
L052,Jaipur,Noida,309,2
L498,Jaipur,Patna,1220,3
L072,Jaipur,Pune,1240,3
L224,Jaipur,Raipur,1114,3
L588,Jaipur,Rajkot,935,3
L320,Jaipur,Ranchi,1342,3
L162,Jaipur,Surat,914,3
L561,Jaipur,Thiruvananthapuram,2665,3
L409,Jaipur,Vadodara,748,2
L002,Jaipur,Varanasi,963,3
L432,Jaipur,Vijayawada,1635,3
L520,Jaipur,Visakhapatnam,1665,3
L230,Kanpur,Agra,313,2
L290,Kanpur,Ahmedabad,1130,3
L549,Kanpur,Amritsar,1004,3
L208,Kanpur,Bangalore,2000,3
L631,Kanpur,Bhopal,599,2
L054,Kanpur,Bhubaneswar,1155,3
L634,Kanpur,Chandigarh,752,2
L664,Kanpur,Chennai,1937,3
L202,Kanpur,Coimbatore,2285,3
L250,Kanpur,Dehradun,622,2
L420,Kanpur,Delhi,500,2
L582,Kanpur,Guwahati,1477,3
L155,Kanpur,Hyderabad,1337,3
L120,Kanpur,Indore,797,2
L380,Kanpur,Jabalpur,480,2
L611,Kanpur,Jaipur,584,2
L639,Kanpur,Kochi,2447,3
L025,Kanpur,Kolkata,1205,3
L163,Kanpur,Lucknow,89,1
L254,Kanpur,Madurai,2418,3
L135,Kanpur,Mangalore,2098,3
L237,Kanpur,Mumbai,1454,3
L609,Kanpur,Nagpur,797,2
L234,Kanpur,Nashik,1275,3
L018,Kanpur,Noida,471,2
L532,Kanpur,Patna,637,2
L444,Kanpur,Pune,1437,3
L494,Kanpur,Raipur,771,2
L368,Kanpur,Rajkot,1390,3
L359,Kanpur,Ranchi,794,2
L614,Kanpur,Surat,1253,3
L657,Kanpur,Thiruvananthapuram,2641,3
L183,Kanpur,Vadodara,1114,3
L563,Kanpur,Varanasi,392,2
L486,Kanpur,Vijayawada,1446,3
L210,Kanpur,Visakhapatnam,1334,3
L490,Kochi,Agra,2497,3
L039,Kochi,Ahmedabad,1948,3
L438,Kochi,Amritsar,3128,3
L375,Kochi,Bangalore,458,2
L203,Kochi,Bhopal,1929,3
L116,Kochi,Bhubaneswar,1992,3
L480,Kochi,Chandigarh,2993,3
L386,Kochi,Chennai,722,2
L513,Kochi,Coimbatore,175,1
L488,Kochi,Dehradun,2943,3
L586,Kochi,Delhi,2691,3
L022,Kochi,Guwahati,3149,3
L193,Kochi,Hyderabad,1113,3
L217,Kochi,Indore,1837,3
L066,Kochi,Jabalpur,1972,3
L509,Kochi,Jaipur,2444,3
L679,Kochi,Kanpur,2447,3
L050,Kochi,Kolkata,2474,3
L166,Kochi,Lucknow,2508,3
L296,Kochi,Madurai,257,1
L542,Kochi,Mangalore,464,2
L680,Kochi,Mumbai,1399,3
L524,Kochi,Nagpur,1651,3
L367,Kochi,Nashik,1487,3
L260,Kochi,Noida,2678,3
L027,Kochi,Patna,2557,3
L278,Kochi,Pune,1274,3
L604,Kochi,Raipur,1792,3
L475,Kochi,Rajkot,1934,3
L010,Kochi,Ranchi,2301,3
L253,Kochi,Surat,1690,3
L441,Kochi,Thiruvananthapuram,239,1
L515,Kochi,Vadodara,1829,3
L560,Kochi,Varanasi,2395,3
L571,Kochi,Vijayawada,1117,3
L119,Kochi,Visakhapatnam,1484,3
L062,Kolkata,Agra,1516,3
L627,Kolkata,Ahmedabad,2105,3
L583,Kolkata,Amritsar,2167,3
L243,Kolkata,Bangalore,2042,3
L464,Kolkata,Bhopal,1467,3
L655,Kolkata,Bhubaneswar,483,2
L205,Kolkata,Chandigarh,1900,3
L455,Kolkata,Chennai,1768,3
L258,Kolkata,Coimbatore,2300,3
L564,Kolkata,Dehradun,1745,3
L158,Kolkata,Delhi,1697,3
L372,Kolkata,Guwahati,678,2
L632,Kolkata,Hyderabad,1540,3
L251,Kolkata,Indore,1667,3
L154,Kolkata,Jabalpur,1135,3
L299,Kolkata,Jaipur,1766,3
L681,Kolkata,Kanpur,1205,3
L050,Kolkata,Kochi,2474,3
L152,Kolkata,Lucknow,1157,3
L599,Kolkata,Madurai,2324,3
L317,Kolkata,Mangalore,2326,3
L137,Kolkata,Mumbai,2153,3
L584,Kolkata,Nagpur,1266,3
L593,Kolkata,Nashik,2001,3
L366,Kolkata,Noida,1668,3
L122,Kolkata,Patna,614,2
L240,Kolkata,Pune,2049,3
L259,Kolkata,Raipur,931,3
L401,Kolkata,Rajkot,2350,3
L622,Kolkata,Ranchi,428,2
L047,Kolkata,Surat,2101,3
L028,Kolkata,Thiruvananthapuram,2580,3
L374,Kolkata,Vadodara,2030,3
L098,Kolkata,Varanasi,813,3
L516,Kolkata,Vijayawada,1380,3
L440,Kolkata,Visakhapatnam,990,3
L227,Lucknow,Agra,378,2
L151,Lucknow,Ahmedabad,1219,3
L507,Lucknow,Amritsar,1027,3
L339,Lucknow,Bangalore,2058,3
L662,Lucknow,Bhopal,683,2
L252,Lucknow,Bhubaneswar,1142,3
L256,Lucknow,Chandigarh,767,2
L625,Lucknow,Chennai,1982,3
L543,Lucknow,Coimbatore,2345,3
L045,Lucknow,Dehradun,626,2
L613,Lucknow,Delhi,540,2
L289,Lucknow,Guwahati,1399,3
L165,Lucknow,Hyderabad,1396,3
L452,Lucknow,Indore,884,3
L086,Lucknow,Jabalpur,537,2
L474,Lucknow,Jaipur,658,2
L163,Lucknow,Kanpur,89,1
L166,Lucknow,Kochi,2508,3
L152,Lucknow,Kolkata,1157,3
L005,Lucknow,Madurai,2473,3
L610,Lucknow,Mangalore,2168,3
L643,Lucknow,Mumbai,1539,3
L310,Lucknow,Nagpur,858,3
L212,Lucknow,Nashik,1361,3
L170,Lucknow,Noida,511,2
L422,Lucknow,Patna,572,2
L350,Lucknow,Pune,1520,3
L562,Lucknow,Raipur,800,2
L371,Lucknow,Rajkot,1478,3
L649,Lucknow,Ranchi,757,2
L502,Lucknow,Surat,1341,3
L192,Lucknow,Thiruvananthapuram,2699,3
L623,Lucknow,Vadodara,1203,3
L030,Lucknow,Varanasi,348,2
L242,Lucknow,Vijayawada,1489,3
L213,Lucknow,Visakhapatnam,1354,3
L078,Madurai,Agra,2501,3
L442,Madurai,Ahmedabad,2041,3
L421,Madurai,Amritsar,3166,3
L279,Madurai,Bangalore,439,2
L555,Madurai,Bhopal,1939,3
L277,Madurai,Bhubaneswar,1847,3
L557,Madurai,Chandigarh,3012,3
L451,Madurai,Chennai,558,2
L682,Madurai,Coimbatore,223,1
L020,Madurai,Dehradun,2949,3
L577,Madurai,Delhi,2706,3
L077,Madurai,Guwahati,3002,3
L376,Madurai,Hyderabad,1086,3
L602,Madurai,Indore,1875,3
L431,Madurai,Jabalpur,1939,3
L065,Madurai,Jaipur,2477,3
L254,Madurai,Kanpur,2418,3
L296,Madurai,Kochi,257,1
L599,Madurai,Kolkata,2324,3
L005,Madurai,Lucknow,2473,3
L173,Madurai,Mangalore,627,2
L089,Madurai,Mumbai,1516,3
L471,Madurai,Nagpur,1625,3
L351,Madurai,Nashik,1578,3
L663,Madurai,Noida,2690,3
L099,Madurai,Patna,2464,3
L306,Madurai,Pune,1375,3
L013,Madurai,Raipur,1718,3
L575,Madurai,Rajkot,2058,3
L222,Madurai,Ranchi,2190,3
L233,Madurai,Surat,1792,3
L341,Madurai,Thiruvananthapuram,256,1
L545,Madurai,Vadodara,1917,3
L239,Madurai,Varanasi,2325,3
L076,Madurai,Vijayawada,1017,3
L468,Madurai,Visakhapatnam,1343,3
L263,Mangalore,Agra,2109,3
L636,Mangalore,Ahmedabad,1494,3
L618,Mangalore,Amritsar,2703,3
L648,Mangalore,Bangalore,380,2
L056,Mangalore,Bhopal,1542,3
L445,Mangalore,Bhubaneswar,1849,3
L336,Mangalore,Chandigarh,2586,3
L109,Mangalore,Chennai,761,2
L404,Mangalore,Coimbatore,405,2
L683,Mangalore,Dehradun,2549,3
L601,Mangalore,Delhi,2290,3
L465,Mangalore,Guwahati,2983,3
L517,Mangalore,Hyderabad,822,3
L286,Mangalore,Indore,1423,3
L533,Mangalore,Jabalpur,1639,3
L130,Mangalore,Jaipur,2027,3
L135,Mangalore,Kanpur,2098,3
L542,Mangalore,Kochi,464,2
L317,Mangalore,Kolkata,2326,3
L610,Mangalore,Lucknow,2168,3
L173,Mangalore,Madurai,627,2
L172,Mangalore,Mumbai,938,3
L134,Mangalore,Nagpur,1320,3
L357,Mangalore,Nashik,1038,3
L004,Mangalore,Noida,2280,3
L429,Mangalore,Patna,2301,3
L255,Mangalore,Pune,821,3
L578,Mangalore,Raipur,1526,3
L385,Mangalore,Rajkot,1471,3
L232,Mangalore,Ranchi,2082,3
L538,Mangalore,Surat,1234,3
L073,Mangalore,Thiruvananthapuram,702,2
L553,Mangalore,Vadodara,1379,3
L624,Mangalore,Varanasi,2105,3
L591,Mangalore,Vijayawada,952,3
L031,Mangalore,Visakhapatnam,1361,3
L148,Mumbai,Agra,1352,3
L063,Mumbai,Ahmedabad,565,2
L398,Mumbai,Amritsar,1826,3
L293,Mumbai,Bangalore,1109,3
L381,Mumbai,Bhopal,858,3
L276,Mumbai,Bhubaneswar,1764,3
L009,Mumbai,Chandigarh,1753,3
L684,Mumbai,Chennai,1344,3
L574,Mumbai,Coimbatore,1303,3
L581,Mumbai,Dehradun,1751,3
L402,Mumbai,Delhi,1486,3
L145,Mumbai,Guwahati,2706,3
L096,Mumbai,Hyderabad,807,3
L057,Mumbai,Indore,659,2
L685,Mumbai,Jabalpur,1114,3
L514,Mumbai,Jaipur,1192,3
L237,Mumbai,Kanpur,1454,3
L656,Mumbai,Kochi,1399,3
L137,Mumbai,Kolkata,2153,3
L643,Mumbai,Lucknow,1539,3
L089,Mumbai,Madurai,1516,3
L172,Mumbai,Mangalore,938,3
L412,Mumbai,Nagpur,890,3
L108,Mumbai,Nashik,179,1
L142,Mumbai,Noida,1483,3
L199,Mumbai,Patna,1881,3
L424,Mumbai,Pune,162,1
L476,Mumbai,Raipur,1222,3
L347,Mumbai,Rajkot,543,2
L407,Mumbai,Ranchi,1782,3
L220,Mumbai,Surat,304,2
L235,Mumbai,Thiruvananthapuram,1636,3
L100,Mumbai,Vadodara,464,2
L596,Mumbai,Varanasi,1621,3
L427,Mumbai,Vijayawada,1124,3
L071,Mumbai,Visakhapatnam,1441,3
L572,Nagpur,Agra,894,3
L559,Nagpur,Ahmedabad,913,3
L169,Nagpur,Amritsar,1612,3
L198,Nagpur,Bangalore,1203,3
L418,Nagpur,Bhopal,391,2
L416,Nagpur,Bhubaneswar,913,3
L117,Nagpur,Chandigarh,1419,3
L297,Nagpur,Chennai,1168,3
L587,Nagpur,Coimbatore,1489,3
L405,Nagpur,Dehradun,1338,3
L551,Nagpur,Delhi,1112,3
L249,Nagpur,Guwahati,1823,3
L023,Nagpur,Hyderabad,541,2
L686,Nagpur,Indore,488,2
L181,Nagpur,Jabalpur,322,2
L206,Nagpur,Jaipur,945,3
L609,Nagpur,Kanpur,797,2
L524,Nagpur,Kochi,1651,3
L584,Nagpur,Kolkata,1266,3
L310,Nagpur,Lucknow,858,3
L471,Nagpur,Madurai,1625,3
L134,Nagpur,Mangalore,1320,3
L412,Nagpur,Mumbai,890,3
L058,Nagpur,Nashik,735,2
L131,Nagpur,Noida,1093,3
L641,Nagpur,Patna,1028,3
L228,Nagpur,Pune,801,3
L177,Nagpur,Raipur,338,2
L384,Nagpur,Rajkot,1128,3
L088,Nagpur,Ranchi,894,3
L687,Nagpur,Surat,849,3
L329,Nagpur,Thiruvananthapuram,1845,3
L049,Nagpur,Vadodara,811,3
L125,Nagpur,Varanasi,798,2
L189,Nagpur,Vijayawada,696,2
L182,Nagpur,Visakhapatnam,755,2
L481,Nashik,Agra,1180,3
L633,Nashik,Ahmedabad,463,2
L510,Nashik,Amritsar,1683,3
L196,Nashik,Bangalore,1153,3
L446,Nashik,Bhopal,679,2
L477,Nashik,Bhubaneswar,1629,3
L598,Nashik,Chandigarh,1595,3
L523,Nashik,Chennai,1343,3
L053,Nashik,Coimbatore,1375,3
L265,Nashik,Dehradun,1587,3
L081,Nashik,Delhi,1321,3
L527,Nashik,Guwahati,2540,3
L257,Nashik,Hyderabad,745,2
L482,Nashik,Indore,482,2
L215,Nashik,Jabalpur,941,3
L616,Nashik,Jaipur,1032,3
L234,Nashik,Kanpur,1275,3
L367,Nashik,Kochi,1487,3
L593,Nashik,Kolkata,2001,3
L212,Nashik,Lucknow,1361,3
L351,Nashik,Madurai,1578,3
L357,Nashik,Mangalore,1038,3
L108,Nashik,Mumbai,179,1
L058,Nashik,Nagpur,735,2
L115,Nashik,Noida,1317,3
L688,Nashik,Patna,1708,3
L323,Nashik,Pune,217,1
L178,Nashik,Raipur,1072,3
L011,Nashik,Rajkot,524,2
L055,Nashik,Ranchi,1620,3
L389,Nashik,Surat,220,1
L450,Nashik,Thiruvananthapuram,1722,3
L246,Nashik,Vadodara,342,2
L101,Nashik,Varanasi,1446,3
L499,Nashik,Vijayawada,1062,3
L391,Nashik,Visakhapatnam,1341,3
L245,Noida,Agra,203,1
L288,Noida,Ahmedabad,1011,3
L504,Noida,Amritsar,546,2
L133,Noida,Bangalore,2255,3
L508,Noida,Bhopal,752,2
L171,Noida,Bhubaneswar,1620,3
L300,Noida,Chandigarh,327,2
L415,Noida,Chennai,2260,3
L570,Noida,Coimbatore,2530,3
L174,Noida,Dehradun,271,1
L273,Noida,Delhi,29,1
L095,Noida,Guwahati,1865,3
L363,Noida,Hyderabad,1611,3
L035,Noida,Indore,861,3
L305,Noida,Jabalpur,832,3
L052,Noida,Jaipur,309,2
L018,Noida,Kanpur,471,2
L260,Noida,Kochi,2678,3
L366,Noida,Kolkata,1668,3
L170,Noida,Lucknow,511,2
L663,Noida,Madurai,2690,3
L004,Noida,Mangalore,2280,3
L142,Noida,Mumbai,1483,3
L131,Noida,Nagpur,1093,3
L115,Noida,Nashik,1317,3
L328,Noida,Patna,1076,3
L511,Noida,Pune,1518,3
L608,Noida,Raipur,1177,3
L453,Noida,Rajkot,1243,3
L355,Noida,Ranchi,1263,3
L635,Noida,Surat,1215,3
L221,Noida,Thiruvananthapuram,2892,3
L358,Noida,Vadodara,1050,3
L303,Noida,Varanasi,857,3
L216,Noida,Vijayawada,1786,3
L652,Noida,Visakhapatnam,1746,3
L653,Patna,Agra,948,3
L334,Patna,Ahmedabad,1688,3
L647,Patna,Amritsar,1557,3
L164,Patna,Bangalore,2100,3
L568,Patna,Bhopal,1066,3
L388,Patna,Bhubaneswar,772,2
L406,Patna,Chandigarh,1289,3
L061,Patna,Chennai,1921,3
L104,Patna,Coimbatore,2383,3
L689,Patna,Dehradun,1132,3
L032,Patna,Delhi,1105,3
L690,Patna,Guwahati,862,3
L042,Patna,Hyderabad,1480,3
L576,Patna,Indore,1283,3
L309,Patna,Jabalpur,767,2
L498,Patna,Jaipur,1220,3
L532,Patna,Kanpur,637,2
L027,Patna,Kochi,2557,3
L122,Patna,Kolkata,614,2
L422,Patna,Lucknow,572,2
L099,Patna,Madurai,2464,3
L429,Patna,Mangalore,2301,3
L199,Patna,Mumbai,1881,3
L641,Patna,Nagpur,1028,3
L460,Patna,Nashik,1708,3
L328,Patna,Noida,1076,3
L423,Patna,Pune,1817,3
L569,Patna,Raipur,776,2
L238,Patna,Rajkot,1947,3
L074,Patna,Ranchi,319,2
L269,Patna,Surat,1750,3
L462,Patna,Thiruvananthapuram,2711,3
L597,Patna,Vadodara,1642,3
L241,Patna,Varanasi,278,1
L567,Patna,Vijayawada,1448,3
L093,Patna,Visakhapatnam,1167,3
L147,Pune,Agra,1371,3
L573,Pune,Ahmedabad,674,2
L439,Pune,Amritsar,1898,3
L294,Pune,Bangalore,959,3
L044,Pune,Bhopal,839,3
L338,Pune,Bhubaneswar,1643,3
L539,Pune,Chandigarh,1804,3
L132,Pune,Chennai,1184,3
L270,Pune,Coimbatore,1167,3
L361,Pune,Dehradun,1789,3
L274,Pune,Delhi,1524,3
L650,Pune,Guwahati,2623,3
L392,Pune,Hyderabad,652,2
L621,Pune,Indore,665,2
L430,Pune,Jabalpur,1057,3
L072,Pune,Jaipur,1240,3
L444,Pune,Kanpur,1437,3
L278,Pune,Kochi,1274,3
L240,Pune,Kolkata,2049,3
L350,Pune,Lucknow,1520,3
L306,Pune,Madurai,1375,3
L255,Pune,Mangalore,821,3
L424,Pune,Mumbai,162,1
L228,Pune,Nagpur,801,3
L323,Pune,Nashik,217,1
L511,Pune,Noida,1518,3
L423,Pune,Patna,1817,3
L188,Pune,Raipur,1122,3
L043,Pune,Rajkot,691,2
L691,Pune,Ranchi,1693,3
L332,Pune,Surat,418,2
L195,Pune,Thiruvananthapuram,1510,3
L346,Pune,Vadodara,557,2
L226,Pune,Varanasi,1566,3
L292,Pune,Vijayawada,968,3
L121,Pune,Visakhapatnam,1297,3
L331,Raipur,Agra,976,3
L143,Raipur,Ahmedabad,1230,3
L345,Raipur,Amritsar,1722,3
L015,Raipur,Bangalore,1334,3
L197,Raipur,Bhopal,632,2
L268,Raipur,Bhubaneswar,586,2
L312,Raipur,Chandigarh,1495,3
L335,Raipur,Chennai,1199,3
L410,Raipur,Coimbatore,1620,3
L271,Raipur,Dehradun,1382,3
L397,Raipur,Delhi,1202,3
L419,Raipur,Guwahati,1512,3
L187,Raipur,Hyderabad,705,2
L394,Raipur,Indore,790,2
L692,Raipur,Jabalpur,357,2
L224,Raipur,Jaipur,1114,3
L494,Raipur,Kanpur,771,2
L604,Raipur,Kochi,1792,3
L259,Raipur,Kolkata,931,3
L562,Raipur,Lucknow,800,2
L013,Raipur,Madurai,1718,3
L578,Raipur,Mangalore,1526,3
L476,Raipur,Mumbai,1222,3
L177,Raipur,Nagpur,338,2
L178,Raipur,Nashik,1072,3
L608,Raipur,Noida,1177,3
L569,Raipur,Patna,776,2
L188,Raipur,Pune,1122,3
L201,Raipur,Rajkot,1456,3
L348,Raipur,Ranchi,580,2
L175,Raipur,Surat,1186,3
L512,Raipur,Thiruvananthapuram,1958,3
L191,Raipur,Vadodara,1136,3
L642,Raipur,Varanasi,607,2
L048,Raipur,Vijayawada,707,2
L342,Raipur,Visakhapatnam,570,2
L383,Rajkot,Agra,1181,3
L554,Rajkot,Ahmedabad,261,1
L264,Rajkot,Amritsar,1444,3
L443,Rajkot,Bangalore,1650,3
L387,Rajkot,Bhopal,891,3
L693,Rajkot,Bhubaneswar,2040,3
L435,Rajkot,Chandigarh,1440,3
L414,Rajkot,Chennai,1864,3
L694,Rajkot,Coimbatore,1845,3
L261,Rajkot,Dehradun,1485,3
L434,Rajkot,Delhi,1235,3
L626,Rajkot,Guwahati,2808,3
L068,Rajkot,Hyderabad,1264,3
L500,Rajkot,Indore,684,2
L645,Rajkot,Jabalpur,1220,3
L588,Rajkot,Jaipur,935,3
L368,Rajkot,Kanpur,1390,3
L475,Rajkot,Kochi,1934,3
L401,Rajkot,Kolkata,2350,3
L371,Rajkot,Lucknow,1478,3
L575,Rajkot,Madurai,2058,3
L385,Rajkot,Mangalore,1471,3
L347,Rajkot,Mumbai,543,2
L384,Rajkot,Nagpur,1128,3
L011,Rajkot,Nashik,524,2
L453,Rajkot,Noida,1243,3
L238,Rajkot,Patna,1947,3
L043,Rajkot,Pune,691,2
L201,Rajkot,Raipur,1456,3
L369,Rajkot,Ranchi,1937,3
L281,Rajkot,Surat,312,2
L605,Rajkot,Thiruvananthapuram,2173,3
L097,Rajkot,Vadodara,321,2
L007,Rajkot,Varanasi,1670,3
L139,Rajkot,Vijayawada,1577,3
L157,Rajkot,Visakhapatnam,1823,3
L595,Ranchi,Agra,1101,3
L378,Ranchi,Ahmedabad,1688,3
L630,Ranchi,Amritsar,1782,3
L141,Ranchi,Bangalore,1849,3
L161,Ranchi,Bhopal,1048,3
L478,Ranchi,Bhubaneswar,453,2
L467,Ranchi,Chandigarh,1519,3
L326,Ranchi,Chennai,1639,3
L529,Ranchi,Coimbatore,2126,3
L322,Ranchi,Dehradun,1371,3
L248,Ranchi,Delhi,1293,3
L036,Ranchi,Guwahati,932,3
L566,Ranchi,Hyderabad,1265,3
L403,Ranchi,Indore,1254,3
L337,Ranchi,Jabalpur,717,2
L320,Ranchi,Jaipur,1342,3
L359,Ranchi,Kanpur,794,2
L010,Ranchi,Kochi,2301,3
L622,Ranchi,Kolkata,428,2
L649,Ranchi,Lucknow,757,2
L222,Ranchi,Madurai,2190,3
L232,Ranchi,Mangalore,2082,3
L407,Ranchi,Mumbai,1782,3
L088,Ranchi,Nagpur,894,3
L055,Ranchi,Nashik,1620,3
L355,Ranchi,Noida,1263,3
L074,Ranchi,Patna,319,2
L660,Ranchi,Pune,1693,3
L348,Ranchi,Raipur,580,2
L369,Ranchi,Rajkot,1937,3
L149,Ranchi,Surat,1701,3
L214,Ranchi,Thiruvananthapuram,2441,3
L144,Ranchi,Vadodara,1619,3
L123,Ranchi,Varanasi,409,2
L695,Ranchi,Vijayawada,1184,3
L436,Ranchi,Visakhapatnam,867,3
L470,Surat,Agra,1105,3
L140,Surat,Ahmedabad,262,1
L204,Surat,Amritsar,1528,3
L302,Surat,Bangalore,1371,3
L594,Surat,Bhopal,686,2
L138,Surat,Bhubaneswar,1762,3
L612,Surat,Chandigarh,1468,3
L016,Surat,Chennai,1563,3
L492,Surat,Coimbatore,1585,3
L236,Surat,Dehradun,1479,3
L544,Surat,Delhi,1215,3
L075,Surat,Guwahati,2601,3
L638,Surat,Hyderabad,952,3
L696,Surat,Indore,469,2
L382,Surat,Jabalpur,993,3
L162,Surat,Jaipur,914,3
L697,Surat,Kanpur,1253,3
L253,Surat,Kochi,1690,3
L047,Surat,Kolkata,2101,3
L502,Surat,Lucknow,1341,3
L233,Surat,Madurai,1792,3
L538,Surat,Mangalore,1234,3
L220,Surat,Mumbai,304,2
L525,Surat,Nagpur,849,3
L389,Surat,Nashik,220,1
L635,Surat,Noida,1215,3
L269,Surat,Patna,1750,3
L332,Surat,Pune,418,2
L175,Surat,Raipur,1186,3
L281,Surat,Rajkot,312,2
L149,Surat,Ranchi,1701,3
L102,Surat,Thiruvananthapuram,1927,3
L112,Surat,Vadodara,168,1
L129,Surat,Varanasi,1478,3
L493,Surat,Vijayawada,1265,3
L295,Surat,Visakhapatnam,1517,3
L362,Thiruvananthapuram,Agra,2707,3
L390,Thiruvananthapuram,Ahmedabad,2183,3
L094,Thiruvananthapuram,Amritsar,3351,3
L284,Thiruvananthapuram,Bangalore,642,2
L458,Thiruvananthapuram,Bhopal,2140,3
L272,Thiruvananthapuram,Bhubaneswar,2103,3
L413,Thiruvananthapuram,Chandigarh,3209,3
L449,Thiruvananthapuram,Chennai,813,3
L585,Thiruvananthapuram,Coimbatore,361,2
L503,Thiruvananthapuram,Dehradun,3154,3
L580,Thiruvananthapuram,Delhi,2906,3
L107,Thiruvananthapuram,Guwahati,3258,3
L473,Thiruvananthapuram,Hyderabad,1304,3
L262,Thiruvananthapuram,Indore,2058,3
L106,Thiruvananthapuram,Jabalpur,2163,3
L561,Thiruvananthapuram,Jaipur,2665,3
L657,Thiruvananthapuram,Kanpur,2641,3
L441,Thiruvananthapuram,Kochi,239,1
L028,Thiruvananthapuram,Kolkata,2580,3
L192,Thiruvananthapuram,Lucknow,2699,3
L341,Thiruvananthapuram,Madurai,256,1
L073,Thiruvananthapuram,Mangalore,702,2
L235,Thiruvananthapuram,Mumbai,1636,3
L698,Thiruvananthapuram,Nagpur,1845,3
L450,Thiruvananthapuram,Nashik,1722,3
L221,Thiruvananthapuram,Noida,2892,3
L462,Thiruvananthapuram,Patna,2711,3
L195,Thiruvananthapuram,Pune,1510,3
L512,Thiruvananthapuram,Raipur,1958,3
L605,Thiruvananthapuram,Rajkot,2173,3
L699,Thiruvananthapuram,Ranchi,2441,3
L102,Thiruvananthapuram,Surat,1927,3
L603,Thiruvananthapuram,Vadodara,2064,3
L321,Thiruvananthapuram,Varanasi,2565,3
L084,Thiruvananthapuram,Vijayawada,1263,3
L041,Thiruvananthapuram,Visakhapatnam,1598,3
L209,Vadodara,Agra,948,3
L365,Vadodara,Ahmedabad,129,1
L425,Vadodara,Amritsar,1362,3
L628,Vadodara,Bangalore,1488,3
L211,Vadodara,Bhopal,578,2
L079,Vadodara,Bhubaneswar,1721,3
L314,Vadodara,Chandigarh,1300,3
L267,Vadodara,Chennai,1650,3
L343,Vadodara,Coimbatore,1716,3
L457,Vadodara,Dehradun,1313,3
L556,Vadodara,Delhi,1050,3
L606,Vadodara,Guwahati,2500,3
L046,Vadodara,Hyderabad,1010,3
L229,Vadodara,Indore,365,2
L059,Vadodara,Jabalpur,902,3
L409,Vadodara,Jaipur,748,2
L183,Vadodara,Kanpur,1114,3
L515,Vadodara,Kochi,1829,3
L374,Vadodara,Kolkata,2030,3
L623,Vadodara,Lucknow,1203,3
L545,Vadodara,Madurai,1917,3
L553,Vadodara,Mangalore,1379,3
L100,Vadodara,Mumbai,464,2
L049,Vadodara,Nagpur,811,3
L246,Vadodara,Nashik,342,2
L358,Vadodara,Noida,1050,3
L597,Vadodara,Patna,1642,3
L346,Vadodara,Pune,557,2
L191,Vadodara,Raipur,1136,3
L097,Vadodara,Rajkot,321,2
L144,Vadodara,Ranchi,1619,3
L112,Vadodara,Surat,168,1
L603,Vadodara,Thiruvananthapuram,2064,3
L531,Vadodara,Varanasi,1366,3
L353,Vadodara,Vijayawada,1311,3
L033,Vadodara,Visakhapatnam,1524,3
L167,Varanasi,Agra,704,2
L469,Varanasi,Ahmedabad,1411,3
L126,Varanasi,Amritsar,1374,3
L349,Varanasi,Bangalore,1938,3
L393,Varanasi,Bhopal,792,2
L280,Varanasi,Bhubaneswar,813,3
L024,Varanasi,Chandigarh,1111,3
L558,Varanasi,Chennai,1801,3
L080,Varanasi,Coimbatore,2224,3
L308,Varanasi,Dehradun,965,3
L370,Varanasi,Delhi,886,3
L069,Varanasi,Guwahati,1140,3
L301,Varanasi,Hyderabad,1292,3
L459,Varanasi,Indore,1010,3
L579,Varanasi,Jabalpur,509,2
L002,Varanasi,Jaipur,963,3
L563,Varanasi,Kanpur,392,2
L700,Varanasi,Kochi,2395,3
L098,Varanasi,Kolkata,813,3
L030,Varanasi,Lucknow,348,2
L239,Varanasi,Madurai,2325,3
L624,Varanasi,Mangalore,2105,3
L701,Varanasi,Mumbai,1621,3
L125,Varanasi,Nagpur,798,2
L101,Varanasi,Nashik,1446,3
L303,Varanasi,Noida,857,3
L241,Varanasi,Patna,278,1
L226,Varanasi,Pune,1566,3
L642,Varanasi,Raipur,607,2
L007,Varanasi,Rajkot,1670,3
L123,Varanasi,Ranchi,409,2
L129,Varanasi,Surat,1478,3
L321,Varanasi,Thiruvananthapuram,2565,3
L531,Varanasi,Vadodara,1366,3
L318,Varanasi,Vijayawada,1313,3
L400,Varanasi,Visakhapatnam,1099,3
L051,Vijayawada,Agra,1585,3
L408,Vijayawada,Ahmedabad,1437,3
L505,Vijayawada,Amritsar,2308,3
L644,Vijayawada,Bangalore,668,2
L411,Vijayawada,Bhopal,1075,3
L607,Vijayawada,Bhubaneswar,900,3
L128,Vijayawada,Chandigarh,2113,3
L546,Vijayawada,Chennai,493,2
L552,Vijayawada,Coimbatore,942,3
L014,Vijayawada,Dehradun,2024,3
L200,Vijayawada,Delhi,1807,3
L483,Vijayawada,Guwahati,2047,3
L319,Vijayawada,Hyderabad,318,2
L180,Vijayawada,Indore,1101,3
L619,Vijayawada,Jabalpur,973,3
L432,Vijayawada,Jaipur,1635,3
L486,Vijayawada,Kanpur,1446,3
L571,Vijayawada,Kochi,1117,3
L516,Vijayawada,Kolkata,1380,3
L242,Vijayawada,Lucknow,1489,3
L076,Vijayawada,Madurai,1017,3
L591,Vijayawada,Mangalore,952,3
L427,Vijayawada,Mumbai,1124,3
L189,Vijayawada,Nagpur,696,2
L499,Vijayawada,Nashik,1062,3
L216,Vijayawada,Noida,1786,3
L567,Vijayawada,Patna,1448,3
L292,Vijayawada,Pune,968,3
L048,Vijayawada,Raipur,707,2
L139,Vijayawada,Rajkot,1577,3
L114,Vijayawada,Ranchi,1184,3
L493,Vijayawada,Surat,1265,3
L084,Vijayawada,Thiruvananthapuram,1263,3
L353,Vijayawada,Vadodara,1311,3
L318,Vijayawada,Varanasi,1313,3
L519,Vijayawada,Visakhapatnam,411,2
L156,Visakhapatnam,Agra,1544,3
L160,Visakhapatnam,Ahmedabad,1639,3
L082,Visakhapatnam,Amritsar,2290,3
L600,Visakhapatnam,Bangalore,1055,3
L426,Visakhapatnam,Bhopal,1137,3
L225,Visakhapatnam,Bhubaneswar,508,2
L017,Visakhapatnam,Chandigarh,2064,3
L040,Visakhapatnam,Chennai,785,2
L194,Visakhapatnam,Coimbatore,1310,3
L646,Visakhapatnam,Dehradun,1950,3
L330,Visakhapatnam,Delhi,1771,3
L521,Visakhapatnam,Guwahati,1666,3
L150,Visakhapatnam,Hyderabad,663,2
L285,Visakhapatnam,Indore,1237,3
L304,Visakhapatnam,Jabalpur,919,3
L520,Visakhapatnam,Jaipur,1665,3
L210,Visakhapatnam,Kanpur,1334,3
L119,Visakhapatnam,Kochi,1484,3
L440,Visakhapatnam,Kolkata,990,3
L213,Visakhapatnam,Lucknow,1354,3
L468,Visakhapatnam,Madurai,1343,3
L031,Visakhapatnam,Mangalore,1361,3
L071,Visakhapatnam,Mumbai,1441,3
L182,Visakhapatnam,Nagpur,755,2
L391,Visakhapatnam,Nashik,1341,3
L652,Visakhapatnam,Noida,1746,3
L093,Visakhapatnam,Patna,1167,3
L121,Visakhapatnam,Pune,1297,3
L342,Visakhapatnam,Raipur,570,2
L157,Visakhapatnam,Rajkot,1823,3
L436,Visakhapatnam,Ranchi,867,3
L295,Visakhapatnam,Surat,1517,3
L041,Visakhapatnam,Thiruvananthapuram,1598,3
L033,Visakhapatnam,Vadodara,1524,3
L400,Visakhapatnam,Varanasi,1099,3
L519,Visakhapatnam,Vijayawada,411,2
